INSERT INTO MESSAGE(MSG_id,USR_sender,USR_receiver,MSG_content,MSG_date) VALUES (1,1,3,'Bonjour','2020-01-15 11:00:00');
INSERT INTO MESSAGE(MSG_id,USR_sender,USR_receiver,MSG_content,MSG_date) VALUES (2,2,4,'Salut jeune homme','2020-12-10 23:00:00');
INSERT INTO MESSAGE(MSG_id,USR_sender,USR_receiver,MSG_content,MSG_date) VALUES (3,4,2,'Coucou','2020-03-16 12:00:00');
INSERT INTO MESSAGE(MSG_id,USR_sender,USR_receiver,MSG_content,MSG_date) VALUES (4,3,2,'Comment vas-tu','2020-08-15 18:00:00');
INSERT INTO MESSAGE(MSG_id,USR_sender,USR_receiver,MSG_content,MSG_date) VALUES (5,1,2,'Pourquoi ?','2020-01-15 12:34:00');
INSERT INTO MESSAGE(MSG_id,USR_sender,USR_receiver,MSG_content,MSG_date) VALUES (6,3,2,'bof bof Caen','2020-08-24 10:41:00');
INSERT INTO MESSAGE(MSG_id,USR_sender,USR_receiver,MSG_content,MSG_date) VALUES (7,1,2,'Je préfère KeenV à Orelsan','2020-01-15 11:00:00');
INSERT INTO MESSAGE(MSG_id,USR_sender,USR_receiver,MSG_content,MSG_date) VALUES (8,1,2,'Bonjour','2020-01-16 23:00:00');
INSERT INTO MESSAGE(MSG_id,USR_sender,USR_receiver,MSG_content,MSG_date) VALUES (9,1,3,'Coucou','2020-01-17 11:00:00');
INSERT INTO MESSAGE(MSG_id,USR_sender,USR_receiver,MSG_content,MSG_date) VALUES (10,4,2,'Ce site internet est merveilleux','2020-10-15 14:00:00');
INSERT INTO MESSAGE(MSG_id,USR_sender,USR_receiver,MSG_content,MSG_date) VALUES (11,2,3,'Bien le bonsoir','2020-02-18 11:30:00');

INSERT INTO Product(PRO_id,PRO_title,PRO_description,USR_id,PRO_price,CAT_id,PRO_date) VALUES (1,'Pain au chocolat','Donec rutrum venenatis nisi, ac condimentum libero ultricies in. Integer a nisl id erat rhoncus mattis in et velit. Sed eget magna  congue, consequat justo eget, finibus felis. estibulum feugiat massa quis nisi ornare interdum.',4,'105,33',1,'2020-01-15 11:00:00');
INSERT INTO Product(PRO_id,PRO_title,PRO_description,USR_id,PRO_price,CAT_id,PRO_date) VALUES (2,'La bonne patate','Donec rutrum venenatis nisi, ac condimentum libero ultricies in. Integer a nisl id erat rhoncus mattis in et velit. Sed eget magna  congue, consequat justo eget, finibus felis. estibulum feugiat massa quis nisi ornare interdum.',4,'210,66',2,'2020-01-16 23:00:00');
INSERT INTO Product(PRO_id,PRO_title,PRO_description,USR_id,PRO_price,CAT_id,PRO_date) VALUES (3,'Beurre de bannanier','Morbi eleifend vulputate rhoncus. Nulla sodales at nisl ac suscipit. Nam viverra sit amet orci eu laoreet. Quisque in aliquam enim. Donec fringilla consequat arcu ac elementum. Fusce tristique ultrices nisl, at rutrum lacus vestibulum vitae. Pellentesque pulvinar est sit amet purus tempor, nec semper nulla gravida. Aliquam pulvinar sapien vitae est imperdiet, sit amet tempor leo vestibulum. Ut at erat ac massa bibendum rutrum. Fusce varius quis risus ut iaculis. Suspendisse cursus, arcu id pretium mollis, magna est euismod dui, tristique ornare mauris augue pharetra dui. Fusce congue sagittis tortor ut commodo. Morbi eleifend vulputate rhoncus. Nulla sodales at nisl ac suscipit. Nam viverra sit amet orci eu laoreet. Quisque in aliquam enim. Donec fringilla consequat arcu ac elementum. Fusce tristique ultrices nisl, at rutrum lacus vestibulum vitae. Pellentesque pulvinar est sit amet purus tempor, nec semper nulla gravida. Aliquam pulvinar sapien vitae est imperdiet, sit amet tempor leo vestibulum. Ut at erat ac massa bibendum rutrum. Fusce varius quis risus ut iaculis. Suspendisse cursus, arcu id pretium mollis, magna est euismod dui, tristique ornare mauris augue pharetra dui. Fusce congue sagittis tortor ut commodo. Morbi eleifend vulputate rhoncus. Nulla sodales at nisl ac suscipit. Nam viverra sit amet orci eu laoreet. Quisque in aliquam enim. Donec fringilla consequat arcu ac elementum. Fusce tristique ultrices nisl, at rutrum lacus vestibulum vitae. Pellentesque pulvinar est sit amet purus tempor, nec semper nulla gravida. Aliquam pulvinar sapien vitae est imperdiet, sit amet tempor leo vestibulum. Ut at erat ac massa bibendum rutrum. Fusce varius quis risus ut iaculis. Suspendisse cursus, arcu id pretium mollis, magna est euismod dui, tristique ornare mauris augue pharetra dui. Fusce congue sagittis tortor ut commodo. ',4,'315,99',3,'2020-01-17 11:00:00');
INSERT INTO Product(PRO_id,PRO_title,PRO_description,USR_id,PRO_price,CAT_id,PRO_date) VALUES (4,'Pack de carotte Orange !','Lorem ipsum dolor sit amet, consectetur adipiscing elit. Nunc pharetra fringilla turpis ac sodales. Morbi et luctus nisl, eleifend dictum ex. Vivamus sit amet enim magna. Ut molestie aliquet velit, eget egestas nunc volutpat molestie. In tincidunt nec nulla vel fermentum. Nunc sit amet ipsum vitae enim bibendum condimentum. Suspendisse potenti. Ut maximus efficitur aliquet. Morbi eget augue at quam consequat pharetra sed vel est. Vestibulum at tellus eget tellus egestas tincidunt. Duis interdum risus id ex rhoncus, nec tristique nisi vulputate. Ut in enim a lacus maximus tincidunt et id mauris. Donec rutrum venenatis nisi, ac condimentum libero ultricies in. Integer a nisl id erat rhoncus mattis in et velit. Sed eget magna congue, consequat justo eget, finibus felis. Vestibulum feugiat massa quis nisi ornare interdum. Quisque ex ligula, mollis id iaculis id, feugiat sed nibh. Maecenas at sapien  ondimentum, suscipit felis eleifend, fringilla purus. Nam et velit neque. In vel volutpat massa, non aliquet massa. Morbi eu eros ex. Cras convallis risus quis eros semper maximus. Vivamus ornare interdum tortor ut hendrerit. Nunc sed mattis sem. Aenean a purus sapien. Vivamus molestie consequat nibh, pharetra volutpat justo malesuada nec. Aliquam consequat, risus ac placerat bibendum, sapien arcu pretium libero, id aliquet urna est eu magna. Nullam turpis mauris, sollicitudin ac tempor non, elementum eu ipsum. Donec ac feugiat tellus. Cras vitae erat ante. Ut ligula urna, finibus eget vehicula in, facilisis id purus.unc mauris metus, condimentum vitae mauris a, vulputate ultricies elit. Class aptent taciti sociosqu ad litora torquent per conubia nostra, per inceptos himenaeos. Ut mi ipsum, finibus in vehicula ac, volutpat nec quam. Pellentesque a dolor volutpat, rutrum risus ac, dictum tellus. Quisque sit amet sem eget quam fringilla ultrices non in justo. Morbi dapibus ullamcorper tristique. Aenean tortor augue, mattis eu turpis ac, cursus blandit lacus. Donec rutrum et justo sed sagittis. Nullam non porta turpis, non auctor justo. Quisque lacinia odio id mi pellentesque tempus. Integer purus ipsum, fermentum sed euismod elementum, cursus vel libero. Etiam eget sagittis felis, ut ornare elit. Pellentesque tempus tristique elit, a mattis diam pretium in. Morbi eleifend vulputate rhoncus. Nulla sodales at nisl ac suscipit. Nam viverra sit amet orci eu laoreet. Quisque in aliquam enim. Donec fringilla consequat arcu ac elementum. Fusce tristique ultrices nisl, at rutrum lacus vestibulum vitae. Pellentesque pulvinar est sit amet purus tempor, nec semper nulla gravida. Aliquam pulvinar sapien vitae est imperdiet, sit amet tempor leo vestibulum. Ut at erat ac massa bibendum rutrum. Fusce varius quis risus ut iaculis. Suspendisse cursus, arcu id pretium mollis, magna est euismod dui, tristique ornare mauris augue pharetra dui. Fusce congue sagittis tortor ut commodo. ',4,'421,32',2,'2020-10-15 14:00:00');
INSERT INTO Product(PRO_id,PRO_title,PRO_description,USR_id,PRO_price,CAT_id,PRO_date) VALUES (5,'La baguette tradition','',1,'526,65',1,'2020-02-18 11:30:00');
INSERT INTO Product(PRO_id,PRO_title,PRO_description,USR_id,PRO_price,CAT_id,PRO_date) VALUES (6,'Yaourt','Vivamus ornare interdum tortor ut hendrerit. Nunc sed mattis sem. Aenean a purus sapien. Vivamus molestie consequat nibh, pharetra volutpat justo malesuada nec. Aliquam consequat, risus ac placerat bibendum,  sapien arcu pretium libero, id aliquet urna est eu magna. Nullam turpis mauris, sollicitudin ac tempor non, elementum eu ipsum. Donec ac feugiat tellus. Cras vitae erat ante. Ut ligula urna, finibus eget vehicula in, facilisis id purus.Nunc mauris metus, condimentum vitae mauris a, vulputate ultricies elit. Class aptent taciti sociosqu ad litora torquent per conubia nostra, per inceptos himenaeos. Ut mi ipsum, finibus in vehicula ac, volutpat nec quam. Pellentesque a dolor volutpat, rutrum risus ac, dictum tellus. Quisque sit amet sem eget quam fringilla ultrices non in justo. Morbi dapibus ullamcorper tristique. Aenean tortor augue, mattis eu turpis ac, cursus blandit lacus. Donec rutrum et justo sed sagittis. Nullam non porta turpis, non auctor justo. Quisque lacinia odio id mi pellentesque tempus. Integer purus ipsum, fermentum sed euismod elementum, cursus vel libero. Etiam eget sagittis felis, ut ornare elit. Pellentesque tempus tristique elit, a mattis diam pretium in.',2,'631,98',3,'2020-01-15 11:15:00');
INSERT INTO Product(PRO_id,PRO_title,PRO_description,USR_id,PRO_price,CAT_id,PRO_date) VALUES (7,'Croissant','VivamusVivamusVivamusVivamusVivamusVivamusVivamusVivamusVivamusVivamusVivamusVivamusVivamusVivamusVivamusVivamusVivamusVivamusVivamusVivamusVivamusVivamusVivamusVivamusVivamusVivamusVivamusVivamusVivamusVivamusVivamusVivamusVivamusVivamusVivamusVivamusVivamusVivamusVivamusVivamusVivamusVivamusVivamusVivamusVivamusVivamusVivamusVivamusVivamusVivamusVivamusVivamusVivamusVivamusVivamusVivamusVivamusVivamusVivamusVivamusVivamusVivamusVivamusVivamusVivamusVivamusVivamusVivamusVivamusVivamusVivamusVivamusVivamusVivamusVivamusVivamusVivamusVivamusVivamusVivamusVivamusVivamusVivamusVivamusVivamusVivamusVivamusVivamusVivamusVivamusVivamusVivamusVivamusVivamusVivamusVivamusVivamusVivamusVivamusVivamusVivamusVivamusVivamusVivamusVivamusVivamusVivamusVivamusVivamusVivamusVivamusVivamusVivamusVivamusVivamusVivamusVivamusVivamusVivamusVivamusVivamusVivamusVivamusVivamusVivamusVivamusVivamus',3,'737,31',1,'2020-01-16 23:00:39');
INSERT INTO Product(PRO_id,PRO_title,PRO_description,USR_id,PRO_price,CAT_id,PRO_date) VALUES (8,'Brique de lait',' Nunc mauris metus, condimentum vitae mauris a, vulputate ultricies elit. Class aptent taciti sociosqu ad litora torquent per conubia nostra, per inceptos himenaeos. Ut mi ipsum, finibus in vehicula ac, volutpat nec quam. Pellentesque a dolor volutpat, rutrum risus ac, dictum tellus. Quisque sit amet sem eget quam fringilla ultrices non in justo. Morbi dapibus ullamcorper tristique. Aenean tortor augue, mattis eu turpis ac, cursus blandit lacus. Donec rutrum et justo sed sagittis. Nullam non porta turpis, non auctor justo. Quisque lacinia odio id mi pellentesque tempus. Integer purus ipsum, fermentum sed euismod elementum, cursus vel libero. Etiam eget sagittis felis, ut ornare elit. Pellentesque tempus tristique elit, a mattis diam pretium in. Morbi eleifend vulputate rhoncus. Nulla sodales at nisl ac suscipit. Nam viverra sit amet orci eu laoreet. Quisque in aliquam enim. Donec fringilla consequat arcu ac elementum. Fusce tristique ultrices nisl, at rutrum lacus vestibulum vitae. Pellentesque pulvinar est sit amet purus tempor, nec semper nulla gravida. Aliquam pulvinar sapien vitae est imperdiet, sit amet tempor leo vestibulum. Ut at erat ac massa bibendum rutrum. Fusce varius quis risus ut iaculis. Suspendisse cursus, arcu id pretium mollis, magna est euismod dui, tristique ornare mauris augue pharetra dui. Fusce congue sagittis tortor ut commodo. ',2,'842,64',3,'2020-01-17 13:00:00');
INSERT INTO Product(PRO_id,PRO_title,PRO_description,USR_id,PRO_price,CAT_id,PRO_date) VALUES (9,'Méthamphétamine bleu 100% Local','ok',3,'947,97',4,'2020-10-15 17:05:00');

INSERT INTO Comment(COM_id,PRO_id,USR_id,COM_rating,COM_content,COM_date) VALUES (1,1,1,1,'Donec rutrum venenatis nisi, ac condimentum libero ultricies in. Integer a nisl id erat rhoncus mattis in et velit. Sed eget magna  congue, consequat justo eget, finibus felis. estibulum feugiat massa quis nisi ornare interdum.','2020-01-19 11:00:00');
INSERT INTO Comment(COM_id,PRO_id,USR_id,COM_rating,COM_content,COM_date) VALUES (2,2,2,2,'Donec rutrum venenatis nisi, ac condimentum libero ultricies in. Integer a nisl id erat rhoncus mattis in et velit. Sed eget magna  congue, consequat justo eget, finibus felis. estibulum feugiat massa quis nisi ornare interdum.','2020-01-19 12:00:00');
INSERT INTO Comment(COM_id,PRO_id,USR_id,COM_rating,COM_content,COM_date) VALUES (3,5,4,3,'Morbi eleifend vulputate rhoncus. Nulla sodales at nisl ac suscipit. Nam viverra sit amet orci eu laoreet. Quisque in aliquam enim. Donec fringilla consequat arcu ac elementum. Fusce tristique ultrices nisl, at rutrum lacus vestibulum vitae. Pellentesque pulvinar est sit amet purus tempor, nec semper nulla gravida. Aliquam pulvinar sapien vitae est imperdiet, sit amet tempor leo vestibulum. Ut at erat ac massa bibendum rutrum. Fusce varius quis risus ut iaculis. Suspendisse cursus, arcu id pretium mollis, magna est euismod dui, tristique ornare mauris augue pharetra dui. Fusce congue sagittis tortor ut commodo. Morbi eleifend vulputate rhoncus. Nulla sodales at nisl ac suscipit. Nam viverra sit amet orci eu laoreet. Quisque in aliquam enim. Donec fringilla consequat arcu ac elementum. Fusce tristique ultrices nisl, at rutrum lacus vestibulum vitae. Pellentesque pulvinar est sit amet purus tempor, nec semper nulla gravida. Aliquam pulvinar sapien vitae est imperdiet, sit amet tempor leo vestibulum. Ut at erat ac massa bibendum rutrum. Fusce varius quis risus ut iaculis. Suspendisse cursus, arcu id pretium mollis, magna est euismod dui, tristique ornare mauris augue pharetra dui. Fusce congue sagittis tortor ut commodo. Morbi eleifend vulputate rhoncus. Nulla sodales at nisl ac suscipit. Nam viverra sit amet orci eu laoreet. Quisque in aliquam enim. Donec fringilla consequat arcu ac elementum. Fusce tristique ultrices nisl, at rutrum lacus vestibulum vitae. Pellentesque pulvinar est sit amet purus tempor, nec semper nulla gravida. Aliquam pulvinar sapien vitae est imperdiet, sit amet tempor leo vestibulum. Ut at erat ac massa bibendum rutrum. Fusce varius quis risus ut iaculis. Suspendisse cursus, arcu id pretium mollis, magna est euismod dui, tristique ornare mauris augue pharetra dui. Fusce congue sagittis tortor ut commodo. ','2020-01-19 13:00:00');
INSERT INTO Comment(COM_id,PRO_id,USR_id,COM_rating,COM_content,COM_date) VALUES (4,4,3,4,'Lorem ipsum dolor sit amet, consectetur adipiscing elit. Nunc pharetra fringilla turpis ac sodales. Morbi et luctus nisl, eleifend dictum ex. Vivamus sit amet enim magna. Ut molestie aliquet velit, eget egestas nunc volutpat molestie. In tincidunt nec nulla vel fermentum. Nunc sit amet ipsum vitae enim bibendum condimentum. Suspendisse potenti. Ut maximus efficitur aliquet. Morbi eget augue at quam consequat pharetra sed vel est. Vestibulum at tellus eget tellus egestas tincidunt. Duis interdum risus id ex rhoncus, nec tristique nisi vulputate. Ut in enim a lacus maximus tincidunt et id mauris. Donec rutrum venenatis nisi, ac condimentum libero ultricies in. Integer a nisl id erat rhoncus mattis in et velit. Sed eget magna congue, consequat justo eget, finibus felis. Vestibulum feugiat massa quis nisi ornare interdum. Quisque ex ligula, mollis id iaculis id, feugiat sed nibh. Maecenas at sapien  ondimentum, suscipit felis eleifend, fringilla purus. Nam et velit neque. In vel volutpat massa, non aliquet massa. Morbi eu eros ex. Cras convallis risus quis eros semper maximus. Vivamus ornare interdum tortor ut hendrerit. Nunc sed mattis sem. Aenean a purus sapien. Vivamus molestie consequat nibh, pharetra volutpat justo malesuada nec. Aliquam consequat, risus ac placerat bibendum, sapien arcu pretium libero, id aliquet urna est eu magna. Nullam turpis mauris, sollicitudin ac tempor non, elementum eu ipsum. Donec ac feugiat tellus. Cras vitae erat ante. Ut ligula urna, finibus eget vehicula in, facilisis id purus.unc mauris metus, condimentum vitae mauris a, vulputate ultricies elit. Class aptent taciti sociosqu ad litora torquent per conubia nostra, per inceptos himenaeos. Ut mi ipsum, finibus in vehicula ac, volutpat nec quam. Pellentesque a dolor volutpat, rutrum risus ac, dictum tellus. Quisque sit amet sem eget quam fringilla ultrices non in justo. Morbi dapibus ullamcorper tristique. Aenean tortor augue, mattis eu turpis ac, cursus blandit lacus. Donec rutrum et justo sed sagittis. Nullam non porta turpis, non auctor justo. Quisque lacinia odio id mi pellentesque tempus. Integer purus ipsum, fermentum sed euismod elementum, cursus vel libero. Etiam eget sagittis felis, ut ornare elit. Pellentesque tempus tristique elit, a mattis diam pretium in. Morbi eleifend vulputate rhoncus. Nulla sodales at nisl ac suscipit. Nam viverra sit amet orci eu laoreet. Quisque in aliquam enim. Donec fringilla consequat arcu ac elementum. Fusce tristique ultrices nisl, at rutrum lacus vestibulum vitae. Pellentesque pulvinar est sit amet purus tempor, nec semper nulla gravida. Aliquam pulvinar sapien vitae est imperdiet, sit amet tempor leo vestibulum. Ut at erat ac massa bibendum rutrum. Fusce varius quis risus ut iaculis. Suspendisse cursus, arcu id pretium mollis, magna est euismod dui, tristique ornare mauris augue pharetra dui. Fusce congue sagittis tortor ut commodo. ','2020-01-19 14:00:00');
INSERT INTO Comment(COM_id,PRO_id,USR_id,COM_rating,COM_content,COM_date) VALUES (5,2,4,5,'','2020-01-19 15:00:00');
INSERT INTO Comment(COM_id,PRO_id,USR_id,COM_rating,COM_content,COM_date) VALUES (6,3,2,1,'Vivamus ornare interdum tortor ut hendrerit. Nunc sed mattis sem. Aenean a purus sapien. Vivamus molestie consequat nibh, pharetra volutpat justo malesuada nec. Aliquam consequat, risus ac placerat bibendum,apien arcu pretium libero, id aliquet urna est eu magna. Nullam turpis mauris, sollicitudin ac tempor non, elementum eu ipsum. Donec ac feugiat tellus. Cras vitae erat ante. Ut ligula urna, finibus eget vehicula in, facilisis id purus.Nunc mauris metus, condimentum vitae mauris a, vulputate ultricies elit. Class aptent taciti sociosqu ad litora torquent per conubia nostra, per inceptos himenaeos. Ut mi ipsum, finibus in vehicula ac, volutpat nec quam. Pellentesque a dolor volutpat, rutrum risus ac, dictum tellus. Quisque sit amet sem eget quam fringilla ultrices non in justo. Morbi dapibus ullamcorper tristique. Aenean tortor augue, mattis eu turpis ac, cursus blandit lacus. Donec rutrum et justo sed sagittis. Nullam non porta turpis, non auctor justo. Quisque lacinia odio id mi pellentesque tempus. Integer purus ipsum, fermentum sed euismod elementum, cursus vel libero. Etiam eget sagittis felis, ut ornare elit. Pellentesque tempus tristique elit, a mattis diam pretium in.','2020-01-19 16:00:00');
INSERT INTO Comment(COM_id,PRO_id,USR_id,COM_rating,COM_content,COM_date) VALUES (7,9,2,2,'VivamusVivamusVivamusVivamusVivamusVivamusVivamusVivamusVivamusVivamusVivamusVivamusVivamusVivamusVivamusVivamusVivamusVivamusVivamusVivamusVivamusVivamusVivamusVivamusVivamusVivamusVivamusVivamusVivamusVivamusVivamusVivamusVivamusVivamusVivamusVivamusVivamusVivamusVivamusVivamusVivamusVivamusVivamusVivamusVivamusVivamusVivamusVivamusVivamusVivamusVivamusVivamusVivamusVivamusVivamusVivamusVivamusVivamusVivamusVivamusVivamusVivamusVivamusVivamusVivamusVivamusVivamusVivamusVivamusVivamusVivamusVivamusVivamusVivamusVivamusVivamusVivamusVivamusVivamusVivamusVivamusVivamusVivamusVivamusVivamusVivamusVivamusVivamusVivamusVivamusVivamusVivamusVivamusVivamusVivamusVivamusVivamusVivamusVivamusVivamusVivamusVivamusVivamusVivamusVivamusVivamusVivamusVivamusVivamusVivamusVivamusVivamusVivamusVivamusVivamusVivamusVivamusVivamusVivamusVivamusVivamusVivamusVivamusVivamusVivamusVivamusVivamus','2020-01-19 17:00:00');
INSERT INTO Comment(COM_id,PRO_id,USR_id,COM_rating,COM_content,COM_date) VALUES (8,7,1,3,' Nunc mauris metus, condimentum vitae mauris a, vulputate ultricies elit. Class aptent taciti sociosqu ad litora torquent per conubia nostra, per inceptos himenaeos. Ut mi ipsum, finibus in vehicula ac, volutpat nec quam. Pellentesque a dolor volutpat, rutrum risus ac, dictum tellus. Quisque sit amet sem eget quam fringilla ultrices non in justo. Morbi dapibus ullamcorper tristique. Aenean tortor augue, mattis eu turpis ac, cursus blandit lacus. Donec rutrum et justo sed sagittis. Nullam non porta turpis, non auctor justo. Quisque lacinia odio id mi pellentesque tempus. Integer purus ipsum, fermentum sed euismod elementum, cursus vel libero. Etiam eget sagittis felis, ut ornare elit. Pellentesque tempus tristique elit, a mattis diam pretium in. Morbi eleifend vulputate rhoncus. Nulla sodales at nisl ac suscipit. Nam viverra sit amet orci eu laoreet. Quisque in aliquam enim. Donec fringilla consequat arcu ac elementum. Fusce tristique ultrices nisl, at rutrum lacus vestibulum vitae. Pellentesque pulvinar est sit amet purus tempor, nec semper nulla gravida. Aliquam pulvinar sapien vitae est imperdiet, sit amet tempor leo vestibulum. Ut at erat ac massa bibendum rutrum. Fusce varius quis risus ut iaculis. Suspendisse cursus, arcu id pretium mollis, magna est euismod dui, tristique ornare mauris augue pharetra dui. Fusce congue sagittis tortor ut commodo. ','2020-01-19 18:00:00');
INSERT INTO Comment(COM_id,PRO_id,USR_id,COM_rating,COM_content,COM_date) VALUES (9,5,2,4,'ok','2020-01-19 19:00:00');
INSERT INTO Comment(COM_id,PRO_id,USR_id,COM_rating,COM_content,COM_date) VALUES (10,3,4,5,'','2020-01-19 10:00:00');

INSERT INTO User(USR_id,ROL_id,USR_lastname,USR_firstname,USR_email,USR_address,USR_password,USR_pseudo) VALUES (1,1,'Melo','Alexis','aMeloDaSilva@insa-rouen.fr','3 rue docteur dévé, 76100 Rouen','456137eea441e1380c1a8fa1d4a65b4b','R0b0tiik');
INSERT INTO User(USR_id,ROL_id,USR_lastname,USR_firstname,USR_email,USR_address,USR_password,USR_pseudo) VALUES (2,1,'Pacary','Léo','lPacary@insa-rouen.fr','3 rue docteur dévé, 76100 Rouen','130f9805895c3045eb2c854c119e84c3','Zaneriis');
INSERT INTO User(USR_id,ROL_id,USR_lastname,USR_firstname,USR_email,USR_address,USR_password,USR_pseudo) VALUES (3,1,'Vigneron','Alexandre','aVigneron@insa-rouen.fr','3 rue docteur dévé, 76100 Rouen','2cce5730d60592c31ba96f8b2d169ec2','Alexender');
INSERT INTO User(USR_id,ROL_id,USR_lastname,USR_firstname,USR_email,USR_address,USR_password,USR_pseudo) VALUES (4,2,'Brognard','Denis','dBrognard@my-tf1.fr','1 quai du point du jour à Boulogne','a111a35ea9f805522eaabc54680d8efd','2nis');

INSERT INTO Role(ROL_id,ROL_label) VALUES (1,'Administrateur');
INSERT INTO Role(ROL_id,ROL_label) VALUES (2,'Utilisateur');
INSERT INTO Role(ROL_id,ROL_label) VALUES (3,'Visiteur');

INSERT INTO Category(CAT_id,CAT_label) VALUES (1,'Viennoiserie');
INSERT INTO Category(CAT_id,CAT_label) VALUES (2,'Fruits & Légumes');
INSERT INTO Category(CAT_id,CAT_label) VALUES (3,'Produits laitiers');
INSERT INTO Category(CAT_id,CAT_label) VALUES (4,'Drogue eco-responsable');
